,공연시설코드,시설특성,개관연도,주소,편의시설_레스토랑 여부,편의시설_카페 여부,편의시설_편의점 여부,편의시설_놀이방 여부,편의시설_수유실 여부,장애인시설_주차장 여부,장애인시설_화장실 여부,장애인시설_경사로 여부,장애인시설_전용엘리베이터 여부,주차시설_자체 여부,주차시설_공영 여부,공연장코드,좌석수,장애인석,무대시설_오케스트라피트 여부,무대시설_연습실 여부,무대시설_분장실 여부,무대시설_무대넓이
0,FC222224,민간(대학로 외),2000.0,서울특별시 강남구 논현로 508 (역삼동) GS강남타워,N,Y,Y,N,N,Y,Y,Y,Y,Y,N,FC222224-01,1103,12,Y,Y,Y,25X12.5
16384,FC222224,민간(대학로 외),2000.0,서울특별시 강남구 논현로 508 (역삼동) GS강남타워,N,Y,Y,N,N,Y,Y,Y,Y,Y,N,FC222224-01,1103,12,Y,Y,Y,25X12.5
22459,FC223076,공공(기타),2018.0,서울특별시 서대문구 연세로2나길 57 (창천동) ,N,Y,N,N,N,Y,N,N,Y,Y,N,FC223076-01,80,N,N,N,Y,330
22514,FC223315,공공(문예회관),1975.0,대구광역시 중구 태평로 141 (태평로2가) ,N,Y,N,N,Y,Y,Y,Y,Y,Y,N,FC223315-01,1284,14,Y,Y,Y,344
23509,FC223315,공공(문예회관),1975.0,대구광역시 중구 태평로 141 (태평로2가) ,N,Y,N,N,Y,Y,Y,Y,Y,Y,N,FC223315-02,248,4,N,Y,Y,
23848,FC223469,공공(기타),1986.0,서울특별시 송파구 올림픽로 424 올림픽공원 (방이동) ,Y,Y,Y,N,N,N,N,N,N,Y,N,FC223469-05,1184,12,N,Y,Y,15.8X13.3X8.7
24576,FC223469,공공(기타),1986.0,서울특별시 송파구 올림픽로 424 올림픽공원 (방이동) ,Y,Y,Y,N,N,N,N,N,N,Y,N,FC223469-05,1184,12,N,Y,Y,15.8X13.3X8.7
35168,FC223469,공공(기타),1986.0,서울특별시 송파구 올림픽로 424 올림픽공원 (방이동) ,Y,Y,Y,N,N,N,N,N,N,Y,N,FC223469-02,5003,20,N,Y,Y,
47634,FC222759,공공(문예회관),2010.0,경상북도 안동시 축제장길 66 (안흥동) ,N,Y,Y,Y,N,Y,Y,Y,N,Y,N,FC222759-01,994,10,Y,Y,Y,1162.57
47900,FC222759,공공(문예회관),2010.0,경상북도 안동시 축제장길 66 (안흥동) ,N,Y,Y,Y,N,Y,Y,Y,N,Y,N,FC222759-02,276,3,N,Y,Y,108
48189,FC222702,민간(대학로 외),2009.0,서울특별시 중구 명동길 26 (명동2가) 3층,N,N,N,N,N,N,N,N,N,N,N,FC222702-01,386,3,N,Y,Y,148
48607,FC222232,민간(대학로 외),1981.0,서울특별시 광진구 천호대로 664 (능동) ,N,N,N,N,N,N,Y,N,Y,Y,N,FC222232-01,1084,10,Y,N,Y,16.77X7.9X16
49152,FC222232,민간(대학로 외),1981.0,서울특별시 광진구 천호대로 664 (능동) ,N,N,N,N,N,N,Y,N,Y,Y,N,FC222232-01,1084,10,Y,N,Y,16.77X7.9X16
55497,FC222300,민간(대학로),2003.0,서울특별시 종로구 대학로 144 (혜화동) 중원빌딩 지하1층 중원빌딩,N,N,N,N,N,N,N,N,N,N,Y,FC222300-01,0,N,N,N,N,
55623,FC222792,민간(대학로 외),2008.0,서울특별시 중구 필동로1길 30 (필동3가) 학술문화관 102-B198호,N,N,N,N,N,N,N,N,N,Y,N,FC222792-01,302,N,N,N,Y,15X12.5
58140,FC222234,민간(대학로 외),2006.0,서울특별시 송파구 올림픽로 240 (잠실동) 롯데쇼핑 ㈜ 롯데시네마 샤롯데시어터,N,Y,N,N,N,Y,Y,N,N,Y,N,FC222234-01,1230,13,N,Y,Y,
65536,FC222234,민간(대학로 외),2006.0,서울특별시 송파구 올림픽로 240 (잠실동) 롯데쇼핑 ㈜ 롯데시네마 샤롯데시어터,N,Y,N,N,N,Y,Y,N,N,Y,N,FC222234-01,1230,13,N,Y,Y,
141004,FC222054,공공(문예회관),2007.0,부산광역시 해운대구 양운로 97 (좌동) ,N,Y,N,Y,Y,Y,Y,N,N,Y,N,FC222054-01,458,5,N,Y,Y,329
141239,FC223288,민간(대학로 외),1993.0,서울특별시 종로구 창덕궁길 29-6 (원서동) 지하,N,N,N,N,N,N,N,N,N,N,Y,FC223288-01,100,N,N,N,N,60.8
141258,FC222584,민간(대학로),2007.0,서울특별시 종로구 혜화로5길 5 (명륜1가) ,N,N,N,N,N,N,N,N,N,N,Y,FC222584-01,130,N,N,N,N,
141687,FC222477,민간(대학로 외),2008.0,부산광역시 남구 수영로 298 (대연동) 지하 1층,N,N,N,N,N,N,N,N,N,Y,N,FC222477-01,0,N,N,Y,N,
141983,FC222349,공공(문예회관),2007.0,경기도 고양시 일산동구 중앙로 1286 (마두동) 고양아람누리 고양아람누리,Y,Y,N,Y,N,Y,N,Y,N,Y,N,FC222349-01,1449,26,Y,Y,Y,13.6X21.5
142531,FC222349,공공(문예회관),2007.0,경기도 고양시 일산동구 중앙로 1286 (마두동) 고양아람누리 고양아람누리,Y,Y,N,Y,N,Y,N,Y,N,Y,N,FC222349-02,304,4,Y,Y,Y,21.3X11.7
143552,FC222770,민간(대학로 외),2010.0,서울특별시 종로구 창덕궁길 29 - 38 ,N,N,N,N,N,N,N,N,N,N,N,FC222770-02,160,N,N,N,N,
143793,FC222864,공공(문예회관),1992.0,경기도 동두천시 어수로 4 (상패동) ,N,N,N,N,N,Y,N,N,N,Y,N,FC222864-01,480,4,N,N,Y,120
144271,FC222069,민간(대학로 외),2012.0,서울특별시 마포구 양화로11길 60 (서교동) 2층,N,Y,N,N,Y,Y,Y,N,Y,Y,N,FC222069-01,424,5,N,N,Y,88
150712,FC222069,민간(대학로 외),2012.0,서울특별시 마포구 양화로11길 60 (서교동) 2층,N,Y,N,N,Y,Y,Y,N,Y,Y,N,FC222069-02,299,3,N,N,N,75
152915,FC222298,공공(문예회관),2003.0,대전광역시 서구 둔산대로 135 (만년동) ,N,Y,N,Y,N,Y,Y,Y,Y,Y,N,FC222298-01,1546,N,Y,Y,Y,18X15
153534,FC222298,공공(문예회관),2003.0,대전광역시 서구 둔산대로 135 (만년동) ,N,Y,N,Y,N,Y,Y,Y,Y,Y,N,FC222298-02,643,N,Y,Y,Y,12X10
154826,FC222397,공공(문예회관),2011.0,부산광역시 해운대구 수영강변대로 120 (우동) ,N,Y,Y,N,Y,Y,Y,Y,Y,Y,N,FC222397-01,841,8,Y,N,N,
156325,FC222594,민간(대학로),2003.0,서울특별시 종로구 대학로 132 (동숭동) ,N,N,N,N,N,N,N,N,N,N,Y,FC222594-01,300,N,N,N,N,
156859,FC222952,국립,2008.0,부산광역시 부산진구 국악로 2 (연지동) ,N,Y,N,Y,N,Y,N,Y,N,Y,N,FC222952-02,276,3,N,Y,Y,110.4
156996,FC223588,민간(대학로 외),2001.0,대구광역시 북구 엑스코로 10 (산격동) 대구전시컨벤션센터 대구전시컨벤션센터,Y,Y,Y,N,N,Y,N,N,N,Y,N,FC223588-01,1300,12,N,Y,N,
167876,FC223333,국립,2010.0,서울특별시 용산구 청파로 373 (서계동) ,N,Y,N,N,N,N,N,N,N,Y,N,FC223333-02,100,N,N,Y,Y,10.1X3.7X13
168086,FC223333,국립,2010.0,서울특별시 용산구 청파로 373 (서계동) ,N,Y,N,N,N,N,N,N,N,Y,N,FC223333-01,182,2,N,Y,Y,13.6X5X19
168716,FC223569,민간(대학로 외),2012.0,부산광역시 해운대구 센텀중앙로 55 (우동) 경남정보대학교및동서대학교센텀산학캠퍼스 ,Y,Y,Y,N,N,Y,Y,Y,Y,Y,N,FC223569-01,1134,12,Y,Y,Y,
173420,FC222028,민간(대학로),2003.0,서울특별시 종로구 대학로10길 24 (동숭동) 지하 1층,N,N,N,N,N,N,N,N,N,N,N,FC222028-01,228,N,N,Y,Y,45.0
177710,FC222238,공공(문예회관),2005.0,경기도 성남시 분당구 성남대로 808 (야탑동) 성남아트센터,Y,Y,N,Y,Y,Y,N,Y,N,Y,N,FC222238-03,378,5,N,N,Y,132.0
178947,FC222238,공공(문예회관),2005.0,경기도 성남시 분당구 성남대로 808 (야탑동) 성남아트센터,Y,Y,N,Y,Y,Y,N,Y,N,Y,N,FC222238-01,1102,12,N,Y,Y,257.0
180091,FC222238,공공(문예회관),2005.0,경기도 성남시 분당구 성남대로 808 (야탑동) 성남아트센터,Y,Y,N,Y,Y,Y,N,Y,N,Y,N,FC222238-02,1808,18,Y,Y,Y,
180224,FC222238,공공(문예회관),2005.0,경기도 성남시 분당구 성남대로 808 (야탑동) 성남아트센터,Y,Y,N,Y,Y,Y,N,Y,N,Y,N,FC222238-02,1808,18,Y,Y,Y,
192217,FC222254,공공(문예회관),2001.0,서울특별시 강북구 삼각산로 85 (수유동) 강북문화예술회관,Y,N,Y,N,N,Y,Y,Y,Y,Y,N,FC222254-01,668,N,N,Y,Y,1673.3
192973,FC222203,공공(문예회관),1995.0,울산광역시 남구 번영로 200 (달동) 울산문화예술회관,N,N,N,N,N,Y,Y,Y,Y,Y,N,FC222203-01,1484,12,Y,Y,Y,14567
193665,FC222322,민간(대학로 외),2004.0,서울특별시 서초구 명달로 104 (서초동) ,Y,N,N,N,N,N,N,N,N,Y,N,FC222322-01,201,N,N,Y,Y,
193671,FC222356,공공(문예회관),1997.0,경기도 양주시 광적면 부흥로618번길 303 양주문화예술회관 양주문화예술회관,N,N,N,N,N,N,Y,Y,N,Y,N,FC222356-01,311,5,N,N,Y,12.6X7.5X6
193819,FC222239,공공(문예회관),1991.0,경기도 수원시 팔달구 효원로307번길 20 (인계동) 경기도문화의전당 경기도문화의전당,Y,N,N,N,N,Y,Y,N,N,Y,N,FC222239-03,1541,20,Y,Y,Y,899
201212,FC223646,민간(대학로),2014.0,서울특별시 성북구 성북로2길 21 - 0 태고종선부암 엘리트리빙텔 지하1층,N,N,N,N,N,N,N,N,N,N,N,FC223646-01,50,N,N,Y,Y,6X6
201219,FC222958,민간(대학로),2005.0,서울특별시 종로구 대학로10길 24 (동숭동) 3층,N,N,N,N,N,N,N,N,N,N,N,FC222958-01,175,N,N,N,Y,
202472,FC222675,민간(대학로),1996.0,서울특별시 종로구 동숭길 39 (동숭동) 지하,Y,Y,N,N,N,N,N,N,N,N,N,FC222675-02,129,N,N,N,Y,
211307,FC222675,민간(대학로),1996.0,서울특별시 종로구 동숭길 39 (동숭동) 지하,Y,Y,N,N,N,N,N,N,N,N,N,FC222675-03,123,N,N,N,Y,
211992,FC222789,공공(기타),2009.0,서울특별시 강북구 월계로 173 (번동) 북서울꿈의숲,Y,Y,Y,N,N,Y,Y,Y,Y,Y,N,FC222789-02,301,3,N,Y,Y,86.25
212811,FC222961,민간(대학로),2017.0,서울특별시 종로구 대학로8가길 36 (동숭동) 3층,Y,N,N,N,N,N,N,N,N,N,N,FC222961-01,163,N,N,N,Y,179.0
212992,FC222961,민간(대학로),2017.0,서울특별시 종로구 대학로8가길 36 (동숭동) 3층,Y,N,N,N,N,N,N,N,N,N,N,FC222961-01,163,N,N,N,Y,179
213258,FC222974,민간(대학로 외),2007.0,대전광역시 중구 선화서로 2 (대흥동) 지하 1층,N,N,N,N,N,N,N,N,N,N,Y,FC222974-01,85,N,N,Y,Y,77
213260,FC222313,공공(문예회관),1990.0,대구광역시 달서구 공원순환로 201 (성당동) ,N,N,N,N,N,Y,N,N,N,Y,N,FC222313-01,239,3,N,N,N,68
213378,FC222313,공공(문예회관),1990.0,대구광역시 달서구 공원순환로 201 (성당동) ,N,N,N,N,N,Y,N,N,N,Y,N,FC222313-02,1008,10,Y,N,N,5268
213505,FC222484,공공(문예회관),2010.0,제주특별자치도 제주시 오남로 231 (오라이동) ,N,Y,N,Y,N,Y,Y,Y,N,Y,N,FC222484-01,1184,12,Y,Y,Y,5252
219414,FC222206,공공(문예회관),2003.0,울산광역시 북구 산업로 1000 (연암동) ,N,N,N,N,N,Y,Y,Y,Y,Y,N,FC222206-01,453,8,N,Y,Y,352.86
220035,FC222981,민간(대학로),1987.0,서울특별시 종로구 동숭길 50 (동숭동) ,N,N,N,N,N,N,N,N,N,N,N,FC222981-01,130,N,N,N,Y,8X6
220153,FC223478,공공(문예회관),2007.0,경상북도 포항시 남구 시청로 1 (대잠동) ,N,N,N,N,Y,Y,Y,N,Y,Y,N,FC223478-01,596,4,N,N,Y,355
220522,FC223571,공공(문예회관),2013.0,경기도 파주시 와석순환로 415 ,Y,Y,Y,N,Y,Y,Y,Y,Y,Y,N,FC223571-01,536,6,Y,N,Y,1115
220949,FC222067,공공(문예회관),1995.0,인천광역시 서구 서달로 190 (가정동) 서구문화회관,N,Y,N,N,N,Y,N,Y,N,Y,N,FC222067-03,200,N,N,Y,Y,
221107,FC222415,민간(대학로 외),2004.0,대구광역시 중구 명덕로 333 (대봉동) 대백프라자 대백프라자,Y,Y,N,N,Y,Y,Y,Y,Y,Y,N,FC222415-01,340,N,N,N,Y,12X4.5
222013,FC222415,민간(대학로 외),2004.0,대구광역시 중구 명덕로 333 (대봉동) 대백프라자 대백프라자,Y,Y,N,N,Y,Y,Y,Y,Y,Y,N,FC222415-02,100,N,N,N,N,
222118,FC222966,민간(대학로),1991.0,서울특별시 종로구 대학로12길 46 (동숭동) 2층,N,N,N,N,N,N,N,N,N,N,N,FC222966-01,194,N,N,Y,Y,10.7X6.7
223156,FC222063,민간(대학로),2006.0,서울특별시 종로구 동숭길 55 (동숭동) 지하 1층,N,N,N,N,N,N,N,N,N,N,N,FC222063-01,197,N,N,N,N,61
227048,FC222071,민간(대학로 외),2005.0,대구광역시 남구 현충로 256 (대명동) ,N,N,N,N,N,N,N,N,N,N,N,FC222071-01,100,N,N,N,Y,58
227065,FC222377,공공(기타),2012.0,경기도 성남시 분당구 분당수서로 501(정자동 4-6) ,N,Y,Y,Y,Y,Y,Y,N,Y,Y,N,FC222377-01,354,4,N,N,Y,
230469,FC223671,민간(대학로),2010.0,서울특별시 종로구 대학로12길 73 (동숭동) ,N,N,N,N,N,N,N,N,N,N,N,FC223671-01,359,N,N,N,N,10.5X7X6.95
235186,FC222655,공공(문예회관),2000.0,세종특별자치시 조치원읍 문예회관길 22 ,N,N,N,N,N,Y,N,N,N,Y,N,FC222655-01,842,12,N,Y,Y,765
235980,FC222233,민간(대학로 외),2011.0,"서울특별시 구로구 경인로 662 (신도림동, 디큐브시티) 7층 디큐브아트센터 공연사업부",Y,Y,N,Y,Y,Y,Y,N,Y,Y,N,FC222233-01,1242,14,Y,Y,Y,755
237568,FC222233,민간(대학로 외),2011.0,"서울특별시 구로구 경인로 662 (신도림동, 디큐브시티) 7층 디큐브아트센터 공연사업부",Y,Y,N,Y,Y,Y,Y,N,Y,Y,N,FC222233-01,1242,14,Y,Y,Y,755
245474,FC222865,공공(기타),2003.0,경기도 부천시 성오로 172 (오정동) ,N,N,N,N,N,Y,N,Y,N,Y,N,FC222865-01,404,6,N,Y,Y,226
245760,FC222865,공공(기타),2003.0,경기도 부천시 성오로 172 (오정동) ,N,N,N,N,N,Y,N,Y,N,Y,N,FC222865-01,404,6,N,Y,Y,226
245788,FC223434,민간(대학로),2014.0,서울특별시 종로구 동숭길 130-5 (동숭동) 지하,N,N,N,N,N,Y,N,N,N,N,Y,FC223434-01,202,N,N,N,Y,289
249784,FC223911,민간(대학로 외),2010.0,서울특별시 서대문구 이화여대길 52 (대현동) 이화캠퍼스복합단지(ECC) 지하 4층,Y,Y,Y,N,N,Y,Y,Y,Y,Y,N,FC223911-01,708,6,N,Y,Y,405
253952,FC223911,민간(대학로 외),2010.0,서울특별시 서대문구 이화여대길 52 (대현동) 이화캠퍼스복합단지(ECC) 지하 4층,Y,Y,Y,N,N,Y,Y,Y,Y,Y,N,FC223911-01,708,6,N,Y,Y,405
268413,FC223034,공공(문예회관),2017.0,경기도 안성시 발화대길 21 (현수동) ,N,Y,N,N,Y,Y,Y,Y,Y,Y,N,FC223034-01,991,10,N,Y,Y,256.0
269459,FC223069,민간(대학로 외),2018.0,서울특별시 중구 창경궁로5길 5 (을지로4가) 4층,N,Y,N,N,N,N,N,N,N,N,Y,FC223069-01,45,N,N,N,N,
269670,FC222738,민간(대학로),1999.0,서울특별시 종로구 창경궁로 258-12 (명륜2가) ,N,N,N,N,N,N,N,N,N,N,Y,FC222738-01,160,N,N,Y,Y,
269734,FC222099,공공(문예회관),2008.0,경상남도 창원시 마산회원구 삼호로 135 (양덕동) 3.15아트센터,N,Y,N,N,N,Y,Y,N,N,Y,N,FC222099-01,1182,20,Y,Y,Y,1287.0
270336,FC222099,공공(문예회관),2008.0,경상남도 창원시 마산회원구 삼호로 135 (양덕동) 3.15아트센터,N,Y,N,N,N,Y,Y,N,N,Y,N,FC222099-01,1182,20,Y,Y,Y,1287
270771,FC222099,공공(문예회관),2008.0,경상남도 창원시 마산회원구 삼호로 135 (양덕동) 3.15아트센터,N,Y,N,N,N,Y,Y,N,N,Y,N,FC222099-02,463,8,N,Y,Y,251
270778,FC222389,공공(문예회관),1988.0,부산광역시 남구 유엔평화로76번길 1 (대연동) ,N,N,N,Y,Y,Y,Y,Y,Y,Y,N,FC222389-01,1409,14,Y,Y,Y,1524
272109,FC222389,공공(문예회관),1988.0,부산광역시 남구 유엔평화로76번길 1 (대연동) ,N,N,N,Y,Y,Y,Y,Y,Y,Y,N,FC222389-04,410,4,N,Y,Y,60
272411,FC222389,공공(문예회관),1988.0,부산광역시 남구 유엔평화로76번길 1 (대연동) ,N,N,N,Y,Y,Y,Y,Y,Y,Y,N,FC222389-02,312,4,N,Y,Y,119
273149,FC222641,공공(문예회관),1990.0,충청남도 서산시 문화로 54 (읍내동) ,N,N,N,N,N,Y,N,Y,N,Y,N,FC222641-01,601,N,N,N,Y,162
273422,FC222641,공공(문예회관),1990.0,충청남도 서산시 문화로 54 (읍내동) ,N,N,N,N,N,Y,N,Y,N,Y,N,FC222641-02,100,10,N,N,Y,979
273981,FC222230,공공(문예회관),2004.0,경기도 안산시 단원구 화랑로 312 (고잔동) 안산문화예술의전당,N,Y,N,Y,N,Y,Y,N,Y,Y,N,FC222230-02,712,8,N,Y,Y,
274443,FC222230,공공(문예회관),2004.0,경기도 안산시 단원구 화랑로 312 (고잔동) 안산문화예술의전당,N,Y,N,Y,N,Y,Y,N,Y,Y,N,FC222230-03,160,2,N,Y,Y,
274977,FC222287,공공(기타),2003.0,서울특별시 강남구 테헤란로92길 12-9 (대치동) 한국문화의집,N,N,N,N,N,N,N,N,N,Y,N,FC222287-01,234,2,N,N,Y,10.3X8.4
275002,FC222344,공공(문예회관),1988.0,경기도 부천시 장말로 107(상동) ,N,N,N,N,N,Y,Y,Y,N,Y,N,FC222344-01,1041,12,N,N,Y,25.31X11.07X0.14
275486,FC222822,공공(기타),2010.0,인천광역시 남구 매소홀로 618 (문학동) 문학경기장,N,N,N,N,N,Y,Y,N,N,Y,N,FC222822-01,144,N,N,Y,Y,196
275538,FC223448,민간(대학로),2014.0,서울특별시 종로구 창경궁로 259 ,N,N,N,N,N,N,N,N,N,N,Y,FC223448-01,84,N,N,N,N,
275552,FC224283,민간(대학로 외),2020.0,경기도 의정부시 용민로 483 (민락동) 보광프라자 4층,N,Y,Y,N,N,Y,Y,N,N,Y,N,FC224283-01,50,N,N,N,N,
275694,FC222242,공공(문예회관),1978.0,서울특별시 종로구 세종대로 175 (세종로) ,N,N,N,N,N,Y,Y,N,N,Y,N,FC222242-03,609,7,Y,N,Y,13500X7500
278528,FC222242,공공(문예회관),1978.0,서울특별시 종로구 세종대로 175 (세종로) ,N,N,N,N,N,Y,Y,N,N,Y,N,FC222242-03,609,7,Y,N,Y,13500X7500
280887,FC222242,공공(문예회관),1978.0,서울특별시 종로구 세종대로 175 (세종로) ,N,N,N,N,N,Y,Y,N,N,Y,N,FC222242-01,3022,20,Y,N,Y,22000X11860X430
327558,FC222242,공공(문예회관),1978.0,서울특별시 종로구 세종대로 175 (세종로) ,N,N,N,N,N,Y,Y,N,N,Y,N,FC222242-02,443,5,N,Y,Y,10X5.5
327680,FC222242,공공(문예회관),1978.0,서울특별시 종로구 세종대로 175 (세종로) ,N,N,N,N,N,Y,Y,N,N,Y,N,FC222242-02,443,5,N,Y,Y,10X5.5
329573,FC222242,공공(문예회관),1978.0,서울특별시 종로구 세종대로 175 (세종로) ,N,N,N,N,N,Y,Y,N,N,Y,N,FC222242-07,300,N,N,Y,Y,
332020,FC222545,공공(기타),1997.0,대전광역시 서구 둔산대로 201 (만년동) ,Y,Y,N,N,N,N,N,N,N,Y,N,FC222545-02,317,4,N,N,N,12X5.9X4.95
332749,FC222220,국립,2005.0,서울특별시 용산구 서빙고로 137 (용산동6가) 국립중앙박물관,Y,Y,N,N,Y,Y,Y,Y,Y,Y,N,FC222220-01,805,8,Y,Y,Y,532
335872,FC222220,국립,2005.0,서울특별시 용산구 서빙고로 137 (용산동6가) 국립중앙박물관,Y,Y,N,N,Y,Y,Y,Y,Y,Y,N,FC222220-01,805,8,Y,Y,Y,532
346985,FC223429,민간(대학로),2016.0,서울특별시 종로구 대학로8가길 80 (동숭동) 5층,Y,N,N,N,N,N,N,Y,Y,N,Y,FC223429-01,120,N,N,N,Y,8.7X4X2.8
348100,FC223378,민간(대학로),2007.0,서울특별시 종로구 성균관로4길 42 (명륜2가) ,Y,N,N,N,N,N,N,N,N,N,N,FC223378-01,84,N,N,N,Y,
348104,FC223343,민간(대학로),2010.0,서울특별시 종로구 동숭길 47 (동숭동) 지하 1층,N,N,N,N,N,N,N,N,N,N,Y,FC223343-01,114,N,N,N,N,
348129,FC223311,민간(대학로),2007.0,서울특별시 종로구 대학로8길 25 (동숭동) 더브릭스 빌딩 지하,Y,Y,N,N,N,N,N,N,N,N,Y,FC223311-01,202,N,N,N,Y,10X6.6
348330,FC222058,공공(문예회관),1998.0,대구광역시 서구 당산로 403 (이현동) ,N,N,N,N,N,Y,Y,N,N,Y,N,FC222058-01,452,N,Y,N,Y,238
349126,FC222996,민간(대학로),1996.0,서울특별시 종로구 동숭4길 16-3 (동숭동) ,N,N,N,N,N,N,N,N,N,N,Y,FC222996-01,66,N,N,N,Y,
349481,FC222120,공공(문예회관),1992.0,충청남도 아산시 남부로 92 (용화동) ,N,N,N,N,N,Y,Y,Y,N,Y,N,FC222120-01,509,5,N,N,Y,
349829,FC222351,민간(대학로),2016.0,서울특별시 종로구 이화장길 26 (이화동)  ,N,Y,N,N,N,N,Y,N,N,N,Y,FC222351-02,230,N,Y,Y,N,
349908,FC222351,민간(대학로),2016.0,서울특별시 종로구 이화장길 26 (이화동)  ,N,Y,N,N,N,N,Y,N,N,N,Y,FC222351-03,208,N,Y,Y,N,
349948,FC222351,민간(대학로),2016.0,서울특별시 종로구 이화장길 26 (이화동)  ,N,Y,N,N,N,N,Y,N,N,N,Y,FC222351-01,210,N,Y,Y,N,
349961,FC222615,공공(문예회관),1993.0,전라남도 순천시 삼산로 16 (석현동) ,N,N,N,N,N,N,N,N,N,Y,N,FC222615-01,914,10,N,Y,Y,306
352256,FC222615,공공(문예회관),1993.0,전라남도 순천시 삼산로 16 (석현동) ,N,N,N,N,N,N,N,N,N,Y,N,FC222615-01,914,10,N,Y,Y,306
353239,FC222253,민간(대학로 외),2011.0,서울특별시 용산구 이태원로 294 (한남동) 블루스퀘어,Y,Y,N,N,N,N,Y,Y,Y,Y,N,FC222253-01,1766,18,Y,Y,Y,14.9X10
409600,FC222253,민간(대학로 외),2011.0,서울특별시 용산구 이태원로 294 (한남동) 블루스퀘어,Y,Y,N,N,N,N,Y,Y,Y,Y,N,FC222253-01,1766,18,Y,Y,Y,14.9X10
411823,FC222332,공공(문예회관),2011.0,경기도 광주시 회안대로 891 (송정동) ,Y,Y,Y,N,N,Y,Y,Y,Y,Y,N,FC222332-01,1038,12,N,Y,Y,27.6X30.5
412642,FC222293,공공(문예회관),1990.0,경기도 광명시 시청로 20 (철산동) ,N,Y,N,N,Y,Y,Y,Y,Y,Y,N,FC222293-02,530,6,N,Y,N,
412757,FC222307,민간(대학로 외),2011.0,대전광역시 중구 대종로505번길 28(선화동) ,N,N,N,N,N,N,N,N,N,N,Y,FC222307-01,95,N,N,Y,Y,
412893,FC222382,공공(문예회관),2000.0,부산광역시 금정구 체육공원로 7 (구서동) 금정문화회관,N,Y,N,N,N,Y,N,Y,Y,Y,N,FC222382-01,880,8,Y,Y,Y,553
414540,FC222251,공공(문예회관),2005.0,서울특별시 광진구 능동로 76 (자양동) ,N,Y,N,N,N,Y,Y,Y,Y,Y,N,FC222251-01,167,4,N,Y,N,10X3.5X4
414636,FC222268,공공(문예회관),2004.0,서울특별시 노원구 중계로 181 (중계동) ,N,Y,N,N,Y,Y,Y,Y,Y,Y,N,FC222268-01,608,8,Y,Y,Y,
415209,FC222455,공공(문예회관),1991.0,광주광역시 북구 북문대로 60 (운암동) ,N,Y,N,Y,Y,Y,Y,Y,Y,Y,N,FC222455-02,504,N,Y,N,N,448
416334,FC222279,공공(문예회관),2012.0,경기도 용인시 수지구 포은대로 499 (죽전동) 용인포은아트홀,N,N,N,N,N,Y,Y,Y,Y,Y,N,FC222279-01,1245,14,Y,Y,Y,4410
417792,FC222279,공공(문예회관),2012.0,경기도 용인시 수지구 포은대로 499 (죽전동) 용인포은아트홀,N,N,N,N,N,Y,Y,Y,Y,Y,N,FC222279-01,1245,14,Y,Y,Y,4410
421425,FC222020,공공(문예회관),1995.0,경기도 과천시 통영로 5 (중앙동) ,Y,Y,N,N,N,Y,N,Y,N,Y,N,FC222020-02,380,4,N,Y,Y,233
421615,FC223313,공공(문예회관),1995.0,경상북도 포항시 남구 희망대로 850 (대도동) ,N,Y,N,N,N,Y,N,N,Y,Y,N,FC223313-01,984,12,Y,Y,Y,918
422092,FC223153,공공(문예회관),2018.0,경기도 남양주시 다산중앙로 7 (다산동) ,N,N,N,N,N,Y,N,N,N,Y,N,FC223153-01,486,6,N,Y,Y,7.5X9.5X7
423760,FC223099,민간(대학로),2018.0,서울특별시 종로구 동숭길 148 (혜화동) ,Y,Y,N,N,N,Y,N,N,N,Y,N,FC223099-03,352,4,N,N,Y,
429771,FC223099,민간(대학로),2018.0,서울특별시 종로구 동숭길 148 (혜화동) ,Y,Y,N,N,N,Y,N,N,N,Y,N,FC223099-02,264,4,N,N,Y,
434176,FC223099,민간(대학로),2018.0,서울특별시 종로구 동숭길 148 (혜화동) ,Y,Y,N,N,N,Y,N,N,N,Y,N,FC223099-02,264,4,N,N,Y,
435147,FC222506,민간(대학로 외),1999.0,서울특별시 영등포구 여의공원로 101 (여의도동) C.C.M.M빌딩 지하 2층,Y,Y,N,N,N,Y,N,N,N,Y,N,FC222506-01,598,8,N,N,Y,
435208,FC223684,국립,2013.0,서울특별시 광진구 능동로 216 (능동) ,N,Y,Y,Y,Y,Y,Y,Y,Y,Y,N,FC223684-01,220,6,N,N,Y,449.0
436851,FC224284,민간(대학로 외),2019.0,서울특별시 종로구 창의문로 129 (부암동) 2층,N,N,N,N,N,N,N,N,N,N,Y,FC224284-01,20,N,N,N,N,
436989,FC223807,공공(문예회관),2017.0,경상북도 구미시 인동가산로 392 (구평동) 강동문화복지회관 강동문화복지회관,N,Y,N,N,N,Y,Y,Y,Y,Y,N,FC223807-01,667,8,Y,N,Y,641.2
438219,FC223458,민간(대학로),2014.0,서울특별시 종로구 대학로12길 21 (동숭동) 예스24스테이지,N,N,N,N,N,N,N,N,N,Y,N,FC223458-01,406,N,N,N,Y,88.0
442294,FC223458,민간(대학로),2014.0,서울특별시 종로구 대학로12길 21 (동숭동) 예스24스테이지,N,N,N,N,N,N,N,N,N,Y,N,FC223458-02,301,N,N,N,Y,68.0
448920,FC223458,민간(대학로),2014.0,서울특별시 종로구 대학로12길 21 (동숭동) 예스24스테이지,N,N,N,N,N,N,N,N,N,Y,N,FC223458-03,255,N,N,Y,Y,65
450560,FC223458,민간(대학로),2014.0,서울특별시 종로구 대학로12길 21 (동숭동) 예스24스테이지,N,N,N,N,N,N,N,N,N,Y,N,FC223458-03,255,N,N,Y,Y,65
451134,FC223897,공공(문예회관),2016.0,경상남도 밀양시 밀양대공원로 112 (교동) 밀양아리랑아트센터,N,N,Y,Y,Y,Y,Y,Y,N,Y,N,FC223897-01,765,10,N,N,Y,221
451373,FC223897,공공(문예회관),2016.0,경상남도 밀양시 밀양대공원로 112 (교동) 밀양아리랑아트센터,N,N,Y,Y,Y,Y,Y,Y,N,Y,N,FC223897-02,236,4,N,N,Y,88
451704,FC223071,민간(대학로),2018.0,서울특별시 종로구 동숭길 94 (동숭동) JS빌딩 지하,N,N,N,N,N,N,N,N,N,N,Y,FC223071-01,194,N,N,Y,Y,10X6X5.5
453878,FC223421,민간(대학로),2010.0,서울특별시 종로구 대학로 120 (동숭동) 지하 1층,Y,N,N,N,N,N,N,N,N,N,Y,FC223421-01,172,N,N,Y,Y,66
454032,FC223431,민간(대학로 외),2013.0,경기도 성남시 중원구 양현로405번길 12 티엘아이빌딩 2층,N,Y,N,N,N,Y,N,N,N,Y,N,FC223431-01,244,4,N,Y,Y,
454128,FC222699,공공(문예회관),2001.0,전라북도 전주시 덕진구 소리로 31 (덕진동1가) 소리문화전당 소리문화전당,Y,Y,N,Y,Y,Y,Y,Y,N,Y,N,FC222699-04,666,16,N,N,N,
455509,FC222683,민간(대학로 외),2010.0,서울특별시 종로구 창덕궁길 29-4 (원서동) ,N,N,N,N,N,N,N,N,N,N,Y,FC222683-01,140,N,N,N,Y,133
455719,FC222235,공공(문예회관),1994.0,인천광역시 남동구 예술로 149 (구월동) ,N,N,N,Y,Y,Y,Y,Y,Y,Y,N,FC222235-02,1332,14,Y,N,Y,8895
455772,FC222235,공공(문예회관),1994.0,인천광역시 남동구 예술로 149 (구월동) ,N,N,N,Y,Y,Y,Y,Y,Y,Y,N,FC222235-01,486,5,N,N,Y,
462132,FC222638,민간(대학로),1998.0,서울특별시 종로구 동숭길 25 (동숭동) ,N,N,N,N,N,Y,N,N,N,Y,N,FC222638-01,176,N,N,N,N,
462528,FC222410,민간(대학로 외),2011.0,대구광역시 중구 동성로3길 83 (공평동) ,N,N,N,N,N,N,N,N,N,N,N,FC222410-02,135,N,N,N,Y,
462675,FC222274,민간(대학로 외),2006.0,서울특별시 강남구 영동대로 416 (대치동) 케이티앤지 타워,N,Y,Y,N,N,Y,Y,N,Y,Y,N,FC222274-01,422,6,N,N,Y,72X16X8.5
464825,FC223741,민간(대학로),2016.0,서울특별시 성북구 성북로5길 9-3 (성북동1가) 일신빌딩 지하1층,N,N,N,N,N,N,N,N,N,N,N,FC223741-01,100,N,N,Y,Y,100
465286,FC223800,민간(대학로 외),2014.0,충청북도 청주시 상당구 단재로 28 A동 2층 1호 소극장 쇠내골,N,N,N,N,N,N,N,N,N,N,N,FC223800-01,115,N,N,N,Y,
465377,FC223425,민간(대학로),2002.0,서울특별시 종로구 혜화로 35 (명륜1가) 지하1층,Y,N,N,N,N,N,N,Y,N,N,Y,FC223425-01,120,N,N,N,Y,7.7X7.7X4
465596,FC222221,국립,1951.0,서울특별시 서초구 남부순환로 2364 (서초동) 국립국악원 국립국악원,Y,Y,N,N,N,Y,Y,Y,Y,Y,N,FC222221-04,130,10,N,N,N,
466216,FC222221,국립,1951.0,서울특별시 서초구 남부순환로 2364 (서초동) 국립국악원 국립국악원,Y,Y,N,N,N,Y,Y,Y,Y,Y,N,FC222221-01,706,8,Y,N,Y,
468379,FC222221,국립,1951.0,서울특별시 서초구 남부순환로 2364 (서초동) 국립국악원 국립국악원,Y,Y,N,N,N,Y,Y,Y,Y,Y,N,FC222221-02,231,4,N,N,Y,
469175,FC223740,민간(대학로),2016.0,서울특별시 종로구 동숭길 123 (동숭동) 드림아트센터 드림아트센터,N,Y,N,N,N,N,N,N,N,N,Y,FC223740-03,210,N,N,Y,Y,12X8X6
472385,FC223740,민간(대학로),2016.0,서울특별시 종로구 동숭길 123 (동숭동) 드림아트센터 드림아트센터,N,Y,N,N,N,N,N,N,N,N,Y,FC223740-01,352,N,N,N,N,
485865,FC223740,민간(대학로),2016.0,서울특별시 종로구 동숭길 123 (동숭동) 드림아트센터 드림아트센터,N,Y,N,N,N,N,N,N,N,N,Y,FC223740-04,208,N,N,N,N,
486023,FC223740,민간(대학로),2016.0,서울특별시 종로구 동숭길 123 (동숭동) 드림아트센터 드림아트센터,N,Y,N,N,N,N,N,N,N,N,Y,FC223740-02,210,N,N,Y,Y,
489121,FC224234,기타(비공연장),2017.0,서울특별시 성동구 서울숲2길 32-14 (성수동1가) 갤러리아포레 G층,Y,Y,N,N,N,Y,N,N,N,Y,N,FC224234-01,800,N,N,N,N,
500593,FC223455,민간(대학로),2013.0,서울특별시 종로구 대학로12길 64 (동숭동) ,N,Y,N,N,N,N,N,N,N,Y,N,FC223455-01,600,7,N,N,Y,1653.0
507904,FC223455,민간(대학로),2013.0,서울특별시 종로구 대학로12길 64 (동숭동) ,N,Y,N,N,N,N,N,N,N,Y,N,FC223455-01,600,7,N,N,Y,1653
517329,FC223455,민간(대학로),2013.0,서울특별시 종로구 대학로12길 64 (동숭동) ,N,Y,N,N,N,N,N,N,N,Y,N,FC223455-02,300,4,N,N,Y,661
522808,FC223455,민간(대학로),2013.0,서울특별시 종로구 대학로12길 64 (동숭동) ,N,Y,N,N,N,N,N,N,N,Y,N,FC223455-03,200,3,N,N,Y,330
524288,FC223455,민간(대학로),2013.0,서울특별시 종로구 대학로12길 64 (동숭동) ,N,Y,N,N,N,N,N,N,N,Y,N,FC223455-03,200,3,N,N,Y,330
527159,FC224700,민간(대학로),,서울특별시 종로구 창경궁로 253-7 (명륜2가) 지하 1층,N,N,N,N,N,N,N,N,N,Y,N,FC224700-01,111,N,N,N,Y,900X12000X4125
527187,FC223468,민간(대학로 외),2009.0,부산광역시 중구 구덕로34번길 4 (남포동2가) 뉴남포빌딩 3층,N,N,N,N,N,N,N,Y,Y,N,Y,FC223468-02,167,N,N,Y,Y,446
527499,FC223468,민간(대학로 외),2009.0,부산광역시 중구 구덕로34번길 4 (남포동2가) 뉴남포빌딩 3층,N,N,N,N,N,N,N,Y,Y,N,Y,FC223468-01,245,3,N,Y,Y,64
527904,FC223040,민간(대학로 외),2017.0,대구광역시 남구 현충로 262 (대명동) 지하1층,N,N,N,N,N,N,N,N,N,N,Y,FC223040-01,104,N,N,N,Y,
528025,FC223777,민간(대학로 외),2016.0,"인천광역시 서구 크리스탈로 78 (경서동) 6,7층",Y,Y,N,N,N,N,N,N,N,Y,N,FC223777-01,300,N,N,N,N,
528081,FC223735,민간(대학로 외),2016.0,서울특별시 송파구 올림픽로 300 (신천동) 롯데월드몰 8층 롯데문화재단 롯데월드몰 8층 롯데문화재단,N,N,N,N,N,Y,Y,Y,Y,Y,Y,FC223735-01,2036,22,Y,N,N,
535183,FC223818,공공(문예회관),2010.0,인천광역시 연수구 인천타워대로 250 (송도동) (재)인천문화재단 트라이보울 3층,N,N,N,N,N,Y,Y,Y,Y,Y,N,FC223818-01,350,N,N,N,Y,823
535189,FC224277,민간(대학로 외),,경기도 안산시 단원구 광덕대로 194 (고잔동) A관 5층,Y,Y,Y,Y,Y,Y,N,N,N,Y,N,FC224277-01,200,N,N,N,N,
535311,FC223012,공공(문예회관),2018.0,경상남도 김해시 율하2로 210 (율하동) ,N,N,N,Y,N,Y,Y,Y,N,Y,N,FC223012-01,691,7,Y,Y,Y,
536498,FC223825,민간(대학로),2016.0,서울특별시 종로구 대학로12길 22 (동숭동) ,N,N,N,N,N,N,N,N,N,N,Y,FC223825-02,155,N,N,N,Y,
538450,FC223825,민간(대학로),2016.0,서울특별시 종로구 대학로12길 22 (동숭동) ,N,N,N,N,N,N,N,N,N,N,Y,FC223825-01,212,N,N,N,Y,
539314,FC223758,공공(문예회관),2012.0,충청남도 예산군 삽교읍 도청대로 600 ,Y,Y,Y,N,N,Y,Y,Y,Y,Y,N,FC223758-01,722,20,Y,Y,Y,419
539437,FC222243,공공(문예회관),1989.0,경기도 안양시 만안구 문예로36번길 16 (안양동) ,N,N,N,N,N,Y,Y,Y,Y,Y,N,FC222243-01,1126,13,Y,Y,Y,46X18
543576,FC223411,민간(대학로 외),2005.0,경기도 의정부시 호암로 95 (호원동) ,N,Y,N,N,N,Y,N,N,N,Y,N,FC223411-01,601,N,N,N,N,
548190,FC223663,공공(기타),2016.0,서울특별시 종로구 율곡로 102 - 0 서울돈화국악당,N,Y,N,N,N,Y,Y,Y,Y,N,Y,FC223663-01,140,2,N,Y,Y,1773
548442,FC223420,민간(대학로),2013.0,서울특별시 종로구 대학로 57 (연건동) 홍익대학교대학로캠퍼스 ,N,Y,Y,N,N,Y,Y,N,Y,Y,N,FC223420-01,702,8,Y,Y,Y,255
548864,FC223420,민간(대학로),2013.0,서울특별시 종로구 대학로 57 (연건동) 홍익대학교대학로캠퍼스 ,N,Y,Y,N,N,Y,Y,N,Y,Y,N,FC223420-01,702,8,Y,Y,Y,255
557056,FC223420,민간(대학로),2013.0,서울특별시 종로구 대학로 57 (연건동) 홍익대학교대학로캠퍼스 ,N,Y,Y,N,N,Y,Y,N,Y,Y,N,FC223420-01,702,8,Y,Y,Y,255.0
562056,FC223420,민간(대학로),2013.0,서울특별시 종로구 대학로 57 (연건동) 홍익대학교대학로캠퍼스 ,N,Y,Y,N,N,Y,Y,N,Y,Y,N,FC223420-02,150,5,N,Y,Y,160.0
562374,FC223328,민간(대학로 외),2013.0,충청북도 청주시 흥덕구 풍산로 15 (가경동) 대우 메가폴리스 2층 2C-026,N,N,N,N,N,N,N,N,N,N,N,FC223328-01,160,N,N,N,Y,214.0
562378,FC223011,공공(기타),2015.0,광주광역시 광산구 광주여대길 45 (산정동) ,Y,Y,Y,N,N,Y,N,N,N,Y,N,FC223011-01,8337,N,N,N,N,
573531,FC223352,민간(대학로 외),1997.0,경기도 광명시 하안로288번길 15 (하안동) 조일프라자빌딩,N,N,N,N,N,N,N,N,N,Y,N,FC223352-01,200,N,N,Y,Y,9X5.9X3.75
573698,FC223207,민간(대학로),1993.0,서울특별시 종로구 대학로12길 63 (동숭동) 석마빌딩,Y,N,N,N,N,N,N,N,N,N,N,FC223207-01,105,N,N,N,Y,5X6X4
574021,FC223037,민간(대학로),2018.0,서울특별시 종로구 대학로8가길 30 (동숭동) 3층,N,N,N,N,N,N,N,N,N,N,Y,FC223037-01,118,N,N,N,Y,
574957,FC223006,민간(대학로),2014.0,서울특별시 종로구 대학로14길 18-2 (혜화동) 지하1층,N,N,N,N,N,N,N,N,N,N,Y,FC223006-01,111,N,N,N,Y,
575601,FC222438,공공(문예회관),2010.0,인천광역시 부평구 아트센터로 166 (십정동) ,Y,Y,Y,Y,Y,Y,Y,Y,Y,Y,N,FC222438-01,323,4,N,Y,Y,572
576027,FC222228,국립,1995.0,서울특별시 중구 정동길 43 (정동) 정동극장,N,N,N,N,N,N,N,N,Y,Y,N,FC222228-01,326,2,Y,N,Y,14.6X5.27
580367,FC223839,민간(대학로 외),2017.0,제주특별자치도 제주시 선돌목동길 56-26 (오등동) ,Y,Y,Y,N,N,Y,Y,Y,Y,Y,N,FC223839-01,659,8,N,Y,Y,603
580754,FC223149,민간(대학로 외),2017.0,인천광역시 서구 청라에메랄드로 99 (청라동) 지젤엠청라 A동 2층,N,N,N,N,N,Y,N,N,N,Y,N,FC223149-01,180,N,N,N,Y,
581177,FC223923,공공(문예회관),1988.0,경상남도 진주시 강남로 215 (칠암동) 경남문화예술회관 ,N,N,N,N,N,Y,N,N,N,Y,N,FC223923-01,1528,N,Y,Y,Y,
581721,FC224302,민간(대학로 외),,경기도 수원시 권선구 세화로 134 (서둔동) 5층 5층,Y,Y,N,Y,Y,Y,Y,N,N,Y,N,FC224302-01,356,N,N,N,Y,
582035,FC223354,민간(대학로),2013.0,서울특별시 종로구 이화장길 99 (동숭동) 지하1층,N,N,N,N,N,N,N,N,N,N,Y,FC223354-01,210,N,N,N,Y,
582077,FC223394,민간(대학로),2012.0,서울특별시 종로구 대학로12길 69 (동숭동) 3층,N,N,N,N,N,N,N,N,N,Y,Y,FC223394-01,120,N,N,N,Y,5.64X9.93
582545,FC223327,민간(대학로),2010.0,서울특별시 종로구 혜화로 4 (혜화동) 지하1층,N,N,N,N,N,N,N,N,N,N,N,FC223327-01,90,N,N,N,Y,
582728,FC223211,민간(대학로),2005.0,서울특별시 종로구 대학로12길 50 (동숭동) 지하 1층,N,N,N,N,N,N,N,N,N,N,N,FC223211-01,83,N,N,N,Y,
583926,FC224468,민간(대학로 외),2019.0,서울특별시 중구 을지로 170 (을지로4가) 을지트윈타워 서관 3층,Y,Y,N,N,N,N,Y,Y,Y,Y,N,FC224468-01,283,3,N,N,N,
583956,FC223428,민간(대학로),2017.0,서울특별시 종로구 대학로8가길 30 (동숭동) 지하1층,N,N,N,N,N,N,N,N,N,N,Y,FC223428-01,173,N,N,N,Y,
584244,FC223445,민간(대학로),2013.0,서울특별시 종로구 창경궁로 258 - 9 ,N,N,N,N,N,N,N,N,N,N,N,FC223445-01,154,N,N,N,N,
585487,FC223462,민간(대학로),2004.0,서울특별시 종로구 대학로 144 (혜화동) 중원빌딩 지하 2층,N,N,N,N,N,Y,N,N,N,Y,N,FC223462-01,369,N,N,N,Y,764
585550,FC223787,민간(대학로 외),2012.0,서울특별시 금천구 두산로 71 (독산동) 빅마켓 일산 레미어린이극장,Y,Y,Y,Y,Y,Y,Y,Y,Y,Y,N,FC223787-01,194,N,N,N,Y,
585641,FC223857,민간(대학로 외),1891.0,서울특별시 중구 세종대로21길 15 (정동) ,N,Y,N,N,N,N,Y,Y,Y,Y,N,FC223857-01,200,N,N,N,N,
585816,FC224851,민간(대학로 외),,"서울특별시 동작구 사당로 300 (사당동, 이수자이) 401",N,Y,Y,N,N,N,N,N,N,Y,N,FC224851-01,20,N,N,Y,N,
585845,FC222217,공공(문예회관),2007.0,경기도 하남시 신평로 125 (덕풍동) 하남문화예술회관,N,N,N,N,N,Y,Y,Y,N,Y,N,FC222217-02,355,6,N,Y,Y,340
585891,FC222217,공공(문예회관),2007.0,경기도 하남시 신평로 125 (덕풍동) 하남문화예술회관,N,N,N,N,N,Y,Y,Y,N,Y,N,FC222217-01,911,10,Y,Y,Y,689
587607,FC224579,민간(대학로 외),,서울특별시 송파구 오금로 513 (거여동) 위례빌딩 지하1층,N,N,Y,N,N,Y,N,N,N,Y,N,FC224579-01,101,N,N,N,N,
588009,FC222223,국립,1988.0,서울특별시 서초구 남부순환로 2406 (서초동) ,Y,Y,Y,Y,Y,Y,Y,Y,Y,Y,N,FC222223-04,241,4,Y,N,Y,
589824,FC222223,국립,1988.0,서울특별시 서초구 남부순환로 2406 (서초동) ,Y,Y,Y,Y,Y,Y,Y,Y,Y,Y,N,FC222223-04,241,4,Y,N,Y,
590948,FC222223,국립,1988.0,서울특별시 서초구 남부순환로 2406 (서초동) ,Y,Y,Y,Y,Y,Y,Y,Y,Y,Y,N,FC222223-02,354,4,Y,N,Y,
593788,FC222223,국립,1988.0,서울특별시 서초구 남부순환로 2406 (서초동) ,Y,Y,Y,Y,Y,Y,Y,Y,Y,Y,N,FC222223-05,600,6,Y,N,Y,
598033,FC222223,국립,1988.0,서울특별시 서초구 남부순환로 2406 (서초동) ,Y,Y,Y,Y,Y,Y,Y,Y,Y,Y,N,FC222223-03,2527,24,Y,Y,Y,
612717,FC222223,국립,1988.0,서울특별시 서초구 남부순환로 2406 (서초동) ,Y,Y,Y,Y,Y,Y,Y,Y,Y,Y,N,FC222223-01,1004,10,Y,N,Y,
625032,FC222223,국립,1988.0,서울특별시 서초구 남부순환로 2406 (서초동) ,Y,Y,Y,Y,Y,Y,Y,Y,Y,Y,N,FC222223-06,2283,20,Y,Y,Y,
679936,FC222223,국립,1988.0,서울특별시 서초구 남부순환로 2406 (서초동) ,Y,Y,Y,Y,Y,Y,Y,Y,Y,Y,N,FC222223-06,2283,20,Y,Y,Y,
681209,FC222223,국립,1988.0,서울특별시 서초구 남부순환로 2406 (서초동) ,Y,Y,Y,Y,Y,Y,Y,Y,Y,Y,N,FC222223-12,130,2,N,N,N,
681732,FC223437,민간(대학로 외),2008.0,서울특별시 종로구 창경궁로 227(명륜4가) ,N,N,N,N,N,N,N,N,N,N,N,FC223437-01,80,N,N,N,Y,9X6
682092,FC223162,민간(대학로 외),2008.0,서울특별시 구로구 중앙로1길 36 (고척동) 구로키즈홀,Y,Y,Y,N,N,Y,N,N,Y,Y,N,FC223162-01,100,2,N,N,Y,148
682619,FC223927,민간(대학로 외),2010.0,서울특별시 강남구 언주로 564 (역삼동) 라움아트센터 라움아트센터 3층,Y,N,N,N,N,N,N,N,N,Y,N,FC223927-01,828,N,N,N,N,
682625,FC223920,민간(대학로 외),2016.0,대구광역시 수성구 달구벌대로 2327 (수성동4가) 한영아트센터,N,Y,N,N,N,N,N,N,N,Y,N,FC223920-01,200,N,N,N,N,
682725,FC223517,민간(대학로 외),2005.0,서울특별시 서초구 남부순환로325길 9 3F DS Hall,Y,Y,N,N,N,N,N,N,N,Y,N,FC223517-01,200,N,Y,Y,Y,
682763,FC224294,민간(대학로),,서울특별시 종로구 동숭길 41 (동숭동)  지하1층,N,N,N,N,N,N,N,N,N,N,Y,FC224294-01,153,N,N,N,Y,7.2X5X7
683050,FC223066,민간(대학로 외),,서울특별시 용산구 한강대로23길 55 (한강로3가) 아이파크몰 테마파크 6층 1-1호,N,Y,N,N,Y,Y,Y,Y,Y,Y,N,FC223066-01,196,2,N,Y,Y,
683155,FC224846,민간(대학로),,서울특별시 종로구 이화장길 58 (이화동) 대보빌딩 지하1층,N,N,N,N,N,N,N,N,N,N,Y,FC224846-01,179,N,N,N,N,
683357,FC222316,민간(대학로 외),2012.0,서울특별시 종로구 자하문로 82 (효자동) ,N,N,N,N,N,N,N,N,N,N,Y,FC222316-01,180,N,N,Y,Y,43.97
683428,FC222522,공공(기타),2004.0,인천광역시 남구 인하로 126 (용현동) ,Y,Y,Y,N,N,Y,Y,N,Y,Y,N,FC222522-01,114,N,N,N,N,
683611,FC222236,공공(문예회관),2005.0,서울특별시 중구 퇴계로 387 (흥인동) 충무아트센터,Y,Y,N,Y,N,Y,Y,Y,N,Y,N,FC222236-02,1255,12,N,Y,Y,527.4
688128,FC222236,공공(문예회관),2005.0,서울특별시 중구 퇴계로 387 (흥인동) 충무아트센터,Y,Y,N,Y,N,Y,Y,Y,N,Y,N,FC222236-02,1255,12,N,Y,Y,527.4
720896,FC222236,공공(문예회관),2005.0,서울특별시 중구 퇴계로 387 (흥인동) 충무아트센터,Y,Y,N,Y,N,Y,Y,Y,N,Y,N,FC222236-02,1255,12,N,Y,Y,527.4
724922,FC222236,공공(문예회관),2005.0,서울특별시 중구 퇴계로 387 (흥인동) 충무아트센터,Y,Y,N,Y,N,Y,Y,Y,N,Y,N,FC222236-03,325,5,N,Y,Y,141.0
725277,FC222236,공공(문예회관),2005.0,서울특별시 중구 퇴계로 387 (흥인동) 충무아트센터,Y,Y,N,Y,N,Y,Y,Y,N,Y,N,FC222236-04,200,N,N,Y,Y,
725571,FC223505,공공(문예회관),2012.0,충청남도 천안시 동남구 성남면 종합휴양지로 185 ,N,N,N,N,N,Y,Y,N,N,Y,N,FC223505-01,1642,18,Y,N,Y,
725693,FC224276,민간(대학로 외),,충청남도 천안시 동남구 신촌1길 23 (신방동) ,Y,Y,N,Y,N,Y,Y,Y,Y,Y,N,FC224276-01,150,N,N,N,N,
725868,FC223654,민간(대학로 외),2017.0,대구광역시 수성구 범어천로 90 - 0 범어성당 2층,Y,Y,N,N,N,Y,N,Y,N,Y,N,FC223654-01,410,N,N,N,N,
727203,FC223664,민간(대학로),2013.0,서울특별시 종로구 동숭길 41 (동숭동) 호은아트홀,N,N,N,N,N,N,N,N,N,N,Y,FC223664-01,200,N,N,N,N,
730596,FC223389,공공(문예회관),1998.0,경기도 군포시 고산로 599 (산본동) ,Y,N,Y,Y,N,Y,Y,Y,Y,Y,N,FC223389-01,1142,12,Y,Y,Y,1175
730897,FC224476,민간(대학로 외),2019.0,강원도 춘천시 서부대성로239번길 7 (효자동) 지하 1층,Y,N,N,N,N,N,N,N,N,N,N,FC224476-01,74,N,N,N,Y,
731195,FC224807,민간(대학로 외),,서울특별시 종로구 인사동길 7 (인사동) ,N,N,N,N,N,N,N,N,N,N,N,FC224807-01,0,N,N,N,N,
731213,FC222504,민간(대학로),2014.0,서울특별시 종로구 대학로8가길 85 (동숭동) ,N,N,N,N,N,N,N,N,N,Y,N,FC222504-01,335,2,N,Y,Y,11.4X6X8
739681,FC222504,민간(대학로),2014.0,서울특별시 종로구 대학로8가길 85 (동숭동) ,N,N,N,N,N,N,N,N,N,Y,N,FC222504-02,249,N,N,Y,Y,13X3.5X5.5
742302,FC224298,민간(대학로 외),2014.0,광주광역시 서구 상무시민로 3 (치평동) ,N,Y,N,N,N,Y,Y,Y,Y,Y,N,FC224298-01,172,4,N,N,Y,
742619,FC223751,민간(대학로),2016.0,"서울특별시 종로구 대학로8가길 79 (동숭동) 별다방미스리 빌딩 지하 1,2층",N,N,Y,N,N,N,N,N,N,N,Y,FC223751-01,250,N,N,N,Y,55
745472,FC223751,민간(대학로),2016.0,"서울특별시 종로구 대학로8가길 79 (동숭동) 별다방미스리 빌딩 지하 1,2층",N,N,Y,N,N,N,N,N,N,N,Y,FC223751-01,250,N,N,N,Y,55.0
746838,FC223813,민간(대학로 외),2014.0,대전광역시 유성구 엑스포로97번길 40 (도룡동) 지하1층,Y,Y,N,N,Y,Y,N,N,N,Y,N,FC223813-01,196,2,N,N,Y,
747017,FC223296,공공(기타),1991.0,부산광역시 수영구 수영로 429 (남천동 63) KBS부산방송총국 ,N,N,N,N,N,N,N,N,N,N,N,FC223296-01,2847,N,N,N,N,1058.0
753664,FC223296,공공(기타),1991.0,부산광역시 수영구 수영로 429 (남천동 63) KBS부산방송총국 ,N,N,N,N,N,N,N,N,N,N,N,FC223296-01,2847,N,N,N,N,1058
755060,FC222743,공공(기타),1994.0,강원도 춘천시 강원대학길 1 (효자동) ,N,N,N,Y,N,Y,Y,Y,N,Y,N,FC222743-01,1600,12,Y,Y,Y,40X17
760220,FC222392,민간(대학로 외),2009.0,서울특별시 강남구 영동대로 513 (삼성동) ,Y,Y,Y,N,Y,Y,Y,Y,N,Y,N,FC222392-01,808,N,N,Y,Y,
773498,FC223080,민간(대학로 외),2018.0,서울특별시 영등포구 국제금융로8길 16 (여의도동) 1층,N,N,N,N,N,N,N,N,N,Y,N,FC223080-01,64,2,N,N,Y,
773561,FC224239,민간(대학로 외),,경기도 김포시 양촌읍 석모로 103 (석모리) ,N,N,N,N,N,N,N,N,N,Y,N,FC224239-01,110,N,N,N,N,
773892,FC223390,공공(문예회관),1999.0,대구광역시 북구 구암로 47 (관음동) 공연동,N,N,N,N,N,Y,Y,Y,Y,Y,N,FC223390-01,425,8,N,Y,Y,336
774269,FC224241,민간(대학로 외),,경상남도 창원시 의창구 창원대로397번길 6 (팔용동) 뉴코아아울렛 4층,Y,Y,N,Y,Y,Y,N,N,N,Y,N,FC224241-01,155,N,N,N,N,
774339,FC223396,민간(대학로),1986.0,서울특별시 종로구 대학로10길 5 (동숭동) 5층,Y,Y,N,N,N,N,N,N,N,N,Y,FC223396-01,192,N,N,N,Y,9X4
775268,FC223456,민간(대학로 외),2011.0,광주광역시 서구 상무중앙로 90 (치평동) 우리은행상무지점 7층 기분좋은극장,N,N,N,N,N,N,N,Y,Y,N,Y,FC223456-01,250,N,N,N,N,
775807,FC223888,민간(대학로 외),2006.0,울산광역시 북구 진장유통로 64 (진장동) 롯데마트 3층,Y,Y,Y,Y,Y,Y,Y,Y,Y,Y,N,FC223888-01,193,N,N,Y,N,
776035,FC224686,민간(대학로 외),2007.0,대구광역시 수성구 상화로 65-1 (상동) ,N,N,N,N,N,N,N,N,N,N,Y,FC224686-01,100,N,N,N,N,
776331,FC224690,민간(대학로 외),2007.0,경기도 부천시 송내대로 239 (상동) 4층,Y,Y,N,N,N,Y,Y,N,Y,Y,N,FC224690-01,160,N,N,Y,Y,
776499,FC223778,민간(대학로 외),2015.0,서울특별시 서대문구 연세로 50 (신촌동) 연세대학교 백양누리 B1 금호아트홀 연세 연세대학교 백양누리 B1 금호아트홀 연세,N,N,N,N,N,N,N,N,N,Y,N,FC223778-01,390,4,N,Y,Y,100X8
776777,FC223467,공공(문예회관),2004.0,경기도 안양시 동안구 평촌대로 76 (호계동) ,N,Y,N,Y,N,Y,Y,Y,Y,Y,N,FC223467-01,638,7,Y,Y,Y,245
777285,FC224899,민간(대학로),2020.0,서울특별시 종로구 동숭길 74 (동숭동) ,N,N,N,N,N,N,N,N,N,N,N,FC224899-01,101,N,N,N,Y,700X600X300
777381,FC223515,민간(대학로 외),2015.0,대구광역시 중구 동성로3길 35 (삼덕동1가) 자이유 4층,N,N,N,N,N,N,N,N,N,Y,N,FC223515-01,156,N,N,N,Y,31
778145,FC223142,민간(대학로 외),,부산광역시 남구 용소로13번길 30 (대연동) 지하1층,N,N,N,N,N,N,N,N,N,N,Y,FC223142-01,119,N,N,N,Y,
778306,FC224854,국립,2009.0,서울특별시 종로구 대학로8길 7 (동숭동) ,N,N,N,Y,N,N,N,N,N,Y,N,FC224854-01,600,6,Y,Y,Y,14.6X21.8X7.8
779112,FC224854,국립,2009.0,서울특별시 종로구 대학로8길 7 (동숭동) ,N,N,N,Y,N,N,N,N,N,Y,N,FC224854-02,110,2,N,Y,Y,11.5X11.1X4.9
779944,FC224048,기타(비공연장),,제주특별자치도 제주시 조천읍 함덕로 32 1층,N,N,N,N,N,N,N,N,N,Y,N,FC224048-01,0,N,N,N,N,
779985,FC224855,국립,2009.0,서울특별시 종로구 대학로10길 17 (동숭동) ,N,N,N,N,N,N,N,N,N,Y,N,FC224855-01,504,6,N,Y,Y,1253
782050,FC224855,국립,2009.0,서울특별시 종로구 대학로10길 17 (동숭동) ,N,N,N,N,N,N,N,N,N,Y,N,FC224855-02,132,4,N,Y,Y,1253
782745,FC224464,민간(대학로 외),2019.0,부산광역시 금정구 기찰로108번길 49 (부곡동)  지하 1층,N,N,N,N,N,N,N,N,N,N,N,FC224464-01,100,N,N,N,Y,
782888,FC224992,민간(대학로 외),2021.0,서울특별시 성북구 길음로7길 20 (길음동) ,N,N,N,N,N,N,N,N,N,N,N,FC224992-01,320,N,N,N,N,
784915,FC224968,민간(대학로 외),,서울특별시 마포구 와우산로 117 (서교동) 지하 1층,Y,N,N,N,N,N,N,N,N,N,Y,FC224968-01,110,N,N,N,N,
785072,FC224999,민간(대학로),,서울특별시 종로구 대학로11길 23 (명륜4가) 대학로스타시티 B2 후암스테이지,N,N,N,N,N,N,N,N,N,N,N,FC224999-01,115,N,N,Y,N,
785076,FC224152,민간(대학로 외),,부산광역시 연제구 과정로344번길 26(연산동) 지하1층,N,N,N,N,N,N,N,N,N,Y,N,FC224152-01,40,N,N,N,N,
785094,FC224994,기타(비공연장),,부산광역시 남구 용소로46번길 7 (대연동) ,N,Y,N,N,N,N,N,N,N,N,N,FC224994-01,60,N,N,N,N,
785133,FC224068,민간(대학로 외),,경기도 오산시 내삼미로 93(수청동) 백현프라자 4층,N,Y,N,N,N,N,Y,N,N,Y,N,FC224068-01,80,N,N,N,N,
785136,FC224127,민간(대학로 외),,전라북도 전주시 완산구 홍산북로 23-9(효자동2가) 5층,N,N,N,N,N,N,N,N,N,Y,N,FC224127-01,190,N,N,N,N,
785148,FC224140,민간(대학로 외),,서울특별시 강남구 헌릉로569길 37(세곡동) 지하 1층,N,N,N,N,N,N,N,N,N,Y,N,FC224140-01,0,N,N,N,N,
785264,FC224819,기타(비공연장),,서울특별시 강남구 역삼로 106 (역삼동) 강남비엘오피스텔 상가 107호,N,N,N,N,N,N,N,N,N,N,N,FC224819-01,0,N,N,N,N,
785271,FC223525,민간(대학로),2008.0,서울특별시 종로구 대학로10길 5 (동숭동) 지하1층,N,N,N,N,N,N,N,N,N,N,N,FC223525-01,250,N,N,N,Y,
786304,FC223112,민간(대학로 외),2014.0,경기도 파주시 탄현면 성동리 53-2 ,N,N,N,N,N,Y,N,N,N,Y,N,FC223112-01,180,N,N,N,Y,
786402,FC224037,민간(대학로 외),,서울특별시 마포구 양화로7길 28(서교동) 지하1층,N,N,N,N,N,N,N,N,N,N,N,FC224037-01,0,N,N,N,N,
786501,FC222055,민간(대학로),2009.0,서울특별시 종로구 대학로12길 83 (동숭동) ,N,N,N,N,N,N,N,N,N,N,Y,FC222055-01,365,N,N,N,Y,128.0
789109,FC222055,민간(대학로),2009.0,서울특별시 종로구 대학로12길 83 (동숭동) ,N,N,N,N,N,N,N,N,N,N,Y,FC222055-02,250,N,N,N,Y,73.0
798948,FC223213,민간(대학로),2010.0,서울특별시 종로구 대학로8가길 52 (동숭동) ,N,N,N,N,N,N,N,N,N,N,N,FC223213-02,140,N,N,N,Y,
798961,FC222374,민간(대학로),1990.0,서울특별시 종로구 창경궁로 254 (명륜2가) ,N,N,N,N,N,N,N,N,N,Y,N,FC222374-02,245,N,N,N,N,
799454,FC222631,민간(대학로),1997.0,서울특별시 종로구 이화장길 78 (동숭동) ,N,N,N,N,N,N,N,N,N,N,Y,FC222631-01,80,N,N,N,N,
799698,FC222419,민간(대학로 외),2009.0,대구광역시 중구 교동길 15 (화전동) ,N,N,N,N,N,N,N,N,N,N,N,FC222419-01,260,N,N,N,N,
799702,FC224076,민간(대학로),,서울특별시 종로구 대학로 128(동숭동) 21세기빌딩 5층,N,N,N,N,N,N,N,N,N,N,N,FC224076-01,0,N,N,N,N,
799976,FC224055,공공(기타),2021.0,인천광역시 서구 청라대로 26(청라동) ,N,Y,N,N,N,Y,N,Y,N,Y,N,FC224055-01,486,5,N,N,N,
800317,FC224905,민간(대학로),,서울특별시 종로구 대학로11길 23 (명륜4가) 대학로스타시티 지하1층,N,N,N,N,N,N,N,N,N,N,N,FC224905-01,144,N,N,N,N,
800350,FC224982,민간(대학로),,서울특별시 종로구 대학로10길 11 (동숭동) 지하 1층,N,Y,N,N,N,N,N,N,N,N,Y,FC224982-01,206,N,N,N,N,
804139,FC224810,민간(대학로 외),,"경기도 수원시 영통구 광교호수공원로 277 (원천동, 광교중흥에스클래스) ",N,N,N,N,N,N,N,N,N,N,N,FC224810-01,0,N,N,N,N,
805070,FC222624,민간(대학로 외),2007.0,서울특별시 종로구 종로33길 15 (연지동) ,N,N,N,N,N,N,N,N,N,Y,N,FC222624-01,0,N,N,N,N,
805792,FC223026,민간(대학로),2012.0,서울특별시 종로구 이화장길 54 (이화동) 이화빌딩 B1,N,N,N,N,N,N,N,N,N,Y,N,FC223026-01,180,N,N,N,Y,41.8
805878,FC223454,민간(대학로),1995.0,서울특별시 종로구 대학로10길 15 - 11 4층,N,N,N,N,N,N,N,N,N,N,Y,FC223454-01,190,N,N,N,Y,7X7X3.5
806198,FC223592,민간(대학로 외),2005.0,서울특별시 강남구 논현로163길 33 (신사동) ,N,Y,N,N,N,Y,Y,Y,Y,N,Y,FC223592-02,1026,10,Y,Y,Y,238
811008,FC223592,민간(대학로 외),2005.0,서울특별시 강남구 논현로163길 33 (신사동) ,N,Y,N,N,N,Y,Y,Y,Y,N,Y,FC223592-02,1026,10,Y,Y,Y,238
835906,FC223592,민간(대학로 외),2005.0,서울특별시 강남구 논현로163길 33 (신사동) ,N,Y,N,N,N,Y,Y,Y,Y,N,Y,FC223592-01,613,N,N,Y,Y,238
835907,FC223214,민간(대학로),2008.0,서울특별시 종로구 성균관로4길 48 (명륜2가) ,Y,N,N,N,N,N,N,N,N,N,N,FC223214-01,100,N,N,N,Y,193
836138,FC223367,민간(대학로 외),2011.0,광주광역시 동구 중앙로 149-2 (호남동) ,N,N,N,N,N,N,N,N,N,N,Y,FC223367-01,100,N,N,N,Y,1X6.4X3.1
836203,FC223216,민간(대학로),2012.0,서울특별시 종로구 혜화로 10-3 성인빌딩  ,N,N,N,N,N,N,N,N,N,N,N,FC223216-01,100,N,N,N,Y,
836338,FC223430,민간(대학로),2012.0,서울특별시 종로구 대학로10길 15 - 11 지하 1층,N,N,N,N,N,N,N,N,N,N,Y,FC223430-01,125,N,N,Y,Y,8X7X2.8
836348,FC223451,민간(대학로 외),2008.0,대구광역시 달서구 달구벌대로 1095 - 0 계명대학교 계명아트센터,N,N,N,N,N,Y,N,N,N,Y,N,FC223451-01,1954,Y,Y,Y,Y,1236
845183,FC223470,공공(문예회관),2013.0,충청북도 청주시 서원구 예체로 118-1 (사직동) ,N,N,N,N,N,Y,N,N,N,N,N,FC223470-01,710,8,N,N,N,243.6
849146,FC223653,민간(대학로),2013.0,서울특별시 종로구 동숭길 76 (동숭동) B1층,N,N,N,N,N,N,N,N,N,N,N,FC223653-01,61,N,N,N,N,
849194,FC223472,민간(대학로),2014.0,서울특별시 종로구 창경궁로 260 (명륜2가) ,N,Y,N,N,N,N,N,N,N,N,N,FC223472-01,170,N,N,N,N,185
849461,FC223909,공공(문예회관),1992.0,강원도 강릉시 종합운동장길 84 (교동) ,N,Y,N,N,Y,Y,Y,Y,Y,Y,N,FC223909-02,385,6,N,Y,Y,14X8.5
850764,FC222225,국립,1973.0,서울특별시 중구 장충단로 59 (장충동2가) ,N,N,Y,N,N,N,Y,Y,Y,Y,N,FC222225-02,100,6,N,Y,Y,7.9X9.5X14.6
850958,FC222225,국립,1973.0,서울특별시 중구 장충단로 59 (장충동2가) ,N,N,Y,N,N,N,Y,Y,Y,Y,N,FC222225-04,512,6,N,Y,Y,24X19
851968,FC222225,국립,1973.0,서울특별시 중구 장충단로 59 (장충동2가) ,N,N,Y,N,N,N,Y,Y,Y,Y,N,FC222225-04,512,6,N,Y,Y,24X19
854860,FC222225,국립,1973.0,서울특별시 중구 장충단로 59 (장충동2가) ,N,N,Y,N,N,N,Y,Y,Y,Y,N,FC222225-03,1221,12,Y,Y,Y,48X28
